Name	title	coding
t3_qpyg82	Ontario Transfer to Concordia University	o
t3_qm3gfp	"When looking at housing prices on the Concordia website, are the prices in CAD or USD?"	r
t3_qpuhjr	"Have four courses, planning to disc one tonight. Would I become a part time student?"	c
t3_qq3qev	I need tutoring for engr 242 statics please send halp üöÄüöÄüöÄüöÄüôèüèªüôèüèªüôèüèª	c
t3_qngpnq	"MATH 204, MATH 205 delivery question"	c
t3_qn0dnv	Self-study source for MATH and PHYS	c
t3_qkrxur	Concordia Continuing Education worth it?	c
t3_qoi8u0	Account Balance	o
t3_qlzy5z	About PHYS284	c
t3_qm3emw	Confusion Regarding Admission	o
t3_qple7p	Did not meet the requirements on conditional offer	o
t3_qpp2m2	Retaking a course	c
t3_qmoiy3	Do I have hope to pass my class?	c
t3_qklu8l	Organic chemistry II with Marco Paladino	c
t3_qq5d1b	COMP 335 Syllabus	c
t3_qpl6dx	Work-study program	o
t3_qm2jtm	Absolute professor dilemma-&gt; Anthony Noce or Anca Alecsandru	c
t3_qmx5wu	What's going on at Space Concordia	o
t3_qphn14	Chance of concentration mechanical Beng to Soen	c
t3_qkoawi	Quitting Coop midway through	c
t3_qn079w	Soccer Tournament	o
t3_qpqth4	CS electives	c
t3_qoamk1	Comm 210 help	c
t3_qp4jb2	Canadian citizen ship	o
t3_qogisc	Chem 203	c
t3_qpe7hw	Housing Accomodation	r
t3_ql2ywv	Does the FG building connect to the John Molson building?	o
t3_qmm8cj	Math 204 Advice ?	c
t3_qlvcl8	How is Nicolas Lepage-Saucier as a teacher?	c
t3_qlyd20	CAQ and Study Permit	o
t3_qo1ena	Anyone down to practice leetcode and tech interview questions?	o
t3_qnb3i5	Is a tutor allowed to give a quiz after stating no quiz would be given?	c
t3_qo535h	Im in Software Engineering and I have two options next semester. Either to take the ENGR 233 with Chantal David but take the SOEN 228 with Donald Peter Davies. OR take ENGR 233 with Alexei Kokotov but take SOEN 228 with Hakim Mella . Which option should I go for?	c
t3_qm5my8	looking for paid tutorials	o
t3_ql6cz7	Grad preparation Winter 2022	o
t3_qoxt8d	What would people say is the easiest math course to take a Concordia?	c
t3_qpvjxz	DISC Inquiry	o
t3_qmopar	Survey for our Statistics Class! :)	c
t3_qobx60	Hi I am new to university today I drop math 204 tomorrow is our medterm is it effect on my GPA	c
t3_qouo3n	COMM 205	c
t3_qnqr6v	Conditional Offer of Admission	o
t3_qly38g	COURSE QUESTION	c
t3_qlbox3	FINA Electives to be taken in which order?	c
t3_qo4ris	DISC on DISC date?	o
t3_qo26js	Permanent code international student.	o
t3_qm1eee	Teamwork with 10 teammates	o
t3_qou8a7	COMM 225 Midterm 2	c
t3_qpl3jr	Is graduate course withdrawal deadline today?	o
t3_qpkgv0	Do you drink coffee in the morning?	f
t3_qpxh7l	PHYS 206 - Route of least resistance?	c
